2026-04-15,2:30 AM,The Danish String Quartet,Herbst Theatre,https://allevents.in/san-francisco/the-danish-string-quartet-san-francisco/3200029785540320
2026-04-15,4:00 PM,415 Day 2026 by SvnbySvn x Still Winnin',620 Jones St,https://allevents.in/san-francisco/415-day-2026-by-svnbysvn-x-still-winnin'/100001985242454623
2026-04-15,4:00 PM,Die Krupps,The Great American Music Hall,https://allevents.in/san-francisco/die-krupps/2300029883912634
2026-04-15,6:00 PM,Curator-Led Tour of The Prince of Homburg,Yerba Buena Center for the Arts,https://sf.funcheap.com/curatorled-tour-prince-homburg/
2026-04-15,6:00 PM,Meet Diedrick Brackens: Exhibition Tour,Yerba Buena Center for the Arts,https://sf.funcheap.com/photo-drew-altizer-photography/
2026-04-15,6:00 PM,San Francisco Queer & Trans Latiné Happy Hour,Mother,https://allevents.in/san-francisco/san-francisco-queer-and-trans-latiné-happy-hour/200029895042215
2026-04-15,6:00 PM,Youth Art Exchange (415) Day Public Gallery,Youth Art Exchange,https://sf.funcheap.com/youth-art-exchange-415-day-public-gallery-april-15may-1/
2026-04-15,6:25 PM,Behemoth San Francisco,The Regency Ballroom,https://san-francisco.events/event/behemoth-san-francisco-wednesday-april-15-2026-625-pm/
2026-04-15,6:30 PM,35th Anniversary Madonna: Truth or Dare,The Castro,https://gay.dothebay.com/events/2026/4/15/madonna-truth-or-dare-35th-anniversary-tickets
2026-04-15,6:30 PM,John Coltrane @ 100 / Emory Douglas with Archbishop Franzo W. King D.D.,City Lights Bookstore,https://allevents.in/san-francisco/john-coltrane-100-emory-douglas-with-archbishop-franzo-w-king-dd/200029894619020
2026-04-15,6:30 PM,Notes from the Underground,Heron Arts,https://allevents.in/san-francisco/notes-from-the-underground/200029861150721
2026-04-15,7:00 PM,Angela LaFlamme Swing Band – Live Swing Music & Lindy Hop,Cat's Corner,https://allevents.in/san-francisco/angela-laflamme-swing-band-live-swing-music-and-lindy-hop/200029779607129
2026-04-15,7:00 PM,Mission City Swing,The Russian Center of San Francisco,https://allevents.in/san-francisco/mission-city-swing-1st-week-of-the-new-class-series-and-boogie-by-the-bay-contest/200029804782224
2026-04-15,7:30 PM,Madonna: Truth or Dare 35th Anniversary,The Castro,https://apeconcerts.com/events/madonna-truth-or-dare-260415/
2026-04-15,7:30 PM,San Francisco Ballet presents La Sylphide,War Memorial Opera House,https://allevents.in/san-francisco/san-francisco-ballet-presents-la-sylphide/210007926241157
2026-04-15,7:30 PM,415 Day Comedy Festival,The Function,https://sf.funcheap.com/415-day-comedy-festival-sfs-175th-birthday-2025/
2026-04-15,7:30 PM,Bella White,Rickshaw Stop,https://apeconcerts.com/events/bella-white-260415
2026-04-15,7:30 PM,"FREE ""Hook-Up Horror Stories"" Tindervention Stand-Up Comedy Show",The Function,https://sf.funcheap.com/free-hook-up-horror-stories-tindervention-stand-up-comedy-show-sf-7/
2026-04-15,7:30 PM,NewDad,The Independent,https://apeconcerts.com/events/newdad-260415/
2026-04-15,7:30 PM,Rising – Chloe Johnston,The Marsh San Francisco Mainstage,https://themarsh.org/shows_and_events/rising-chloe-johnston/
2026-04-15,7:30 PM,THC.XLR + Way: Ambient Electronic Night,The Lost Church,https://sf.funcheap.com/thcxlr-ambient-electronic-night-sf/
2026-04-15,8:00 PM,Mind Enterprises,The Great American Music Hall,https://san-francisco.events/event/mind-enterprises-san-francisco-wednesday-april-15-2026-800-pm/
2026-04-15,8:00 PM,"The Academy Presents: Bawdy, Brash and Blue",The Academy SF,https://www.academy-sf.com/event-details/the-academy-presents-bawdy-brash-and-blue
2026-04-15,9:00 PM,Strut SF & F8 Present Sato // Santi,F8 Nightclub & Bar,https://allevents.in/san-francisco/strut-sf-and-f8-present-sato-santi/100001986689204892
2026-04-15,9:30 PM,Children of Lucy,Madrone Art Bar,https://madroneartbar.com/calendar/2026-04-15/
2026-04-15,7:30 PM,Girls Chance Music,The Strand Theater,https://san-francisco.events/event/girls-chance-music-san-francisco-wednesday-april-15-2026-730-pm/
2026-04-15,7:00 PM,Janelle James,Cobb's Comedy Club,https://san-francisco.events/event/janelle-james-san-francisco-wednesday-april-15-2026-700-pm/
2026-04-15,7:30 PM,Nathan Amaral & Sophiko Simsive,Davies Symphony Hall,https://san-francisco.events/event/nathan-amaral-and-sophiko-simsive-san-francisco-wednesday-april-15-2026-730-pm/
2026-04-15,7:30 PM,Von Decarlo,Punch Line Comedy Club,https://san-francisco.events/event/von-decarlo-san-francisco-wednesday-april-15-2026-730-pm/
2026-04-16,6:00 AM,MACY BLACKMAN,Madrone Art Bar,https://madroneartbar.com/event/macy-blackman-5/2026-04-16/
2026-04-16,10:00 AM,Dining Out For Life Bay Area,San Francisco AIDS Foundation,https://allevents.in/san-francisco/dining-out-for-life-bay-area/100001984834517472
2026-04-16,10:00 AM,San Francisco Photo Walk: Pier 70 & Mission Bay,580 20th St,https://allevents.in/san-francisco/san-francisco-photo-walk-pier-70-and-mission-bay-thursday-april-16th/100001985878115903
2026-04-16,12:00 PM,POJ Studio San Francisco Pop-Up,SF76,https://sf.funcheap.com/poj-studio-san-francisco-popup-2026/
2026-04-16,12:00 PM,"SF's Free Concerts & Food Trucks: ""Civic Center Soundtrack""",Fulton Plaza,https://sf.funcheap.com/sfs-free-concerts-food-trucks-civic-center-soundtrack-every-tue-thu/
2026-04-16,4:00 PM,Baths,Neck of the Woods,https://allevents.in/san-francisco/baths/2300029798124240
2026-04-16,4:00 PM,Kaskade,Pier 48,https://allevents.in/san-francisco/kaskade/2300029886535542
2026-04-16,4:00 PM,"Cole Valley Nights ""Spring Fling""",Cole Valley,https://sf.funcheap.com/cole-valley-nights-spring-fling/
2026-04-16,4:00 PM,Nicola Cruz,Public Works,https://allevents.in/san-francisco/nicola-cruz/2300029865295723
2026-04-16,5:30 PM,Cycle To Zero Lookout Takeover For Dining Out For Life,Lookout,https://allevents.in/san-francisco/cycle-to-zero-lookout-takeover-for-dining-out-for-life/100001985591967024
2026-04-16,6:00 PM,Retro Game Night in North Beach,Goodfellas,https://sf.funcheap.com/retro-game-night-north-beach-sf/
2026-04-16,6:50 PM,The Format,Castro Theatre,https://san-francisco.events/event/the-format-san-francisco-thursday-april-16-2026-650-pm/
2026-04-16,7:00 PM,Booksmith presents: Peter Richardson with Joel Selvin / Brand New Beat,The Booksmith,https://booksmith.com/event/2026-04-16/booksmith-presents-peter-richardson-joel-selvin-brand-new-beat
2026-04-16,7:00 PM,Broke-Ass Stuart Dinner Club,The Mission District,https://sf.funcheap.com/broke-ass-stuart-dinner-club-sf/
2026-04-16,7:00 PM,Flight Club: Adult Flight Night 18+ at House of Air,House of Air,https://sf.funcheap.com/flight-club-adult-flight-night-for-ages-18-at-house-of-air-trampoline-park-sf-45/
2026-04-16,7:30 PM,A Dark Night All Black Comedy Show,The Function,https://allevents.in/san-francisco/a-dark-night-all-black-comedy-show-san-francisco/100001985693727392
2026-04-16,7:30 PM,Brian Copeland's The Waiting Period,The Marsh,https://sf.funcheap.com/brian-copelands-waiting-period-4/
2026-04-16,7:30 PM,"FREE ""Hecklers Welcome"" Stand-Up Comedy Show",The Function,https://sf.funcheap.com/free-hecklers-welcome-sfs-first-stand-up-comedy-show-that-invites-heckling-7/
2026-04-16,8:00 PM,Aaron Skiles Band + Strange Culprits + Right Proper,Brick and Mortar Music Hall,https://allevents.in/san-francisco/aaron-skiles-band-strange-culprits-right-proper/210007505562719
2026-04-16,8:00 PM,Ari Lennox - The Vacancy Tour,The Fillmore,https://allevents.in/san-francisco/ari-lennox-the-vacancy-tour/210001589685639
2026-04-16,8:00 PM,David Byrne Concert Tour,Frost Amphitheater,https://www.mercurynews.com/2026/03/26/david-byrne-tickets-concert-tour-stanford-frost/
2026-04-16,8:00 PM,Pineapple Thursday April Bloom Edition,Butter,https://allevents.in/san-francisco/pineapple-thursday-april-bloom-edition/200029916069337
2026-04-16,9:00 PM,Light At The End Of The Tunnel,Monarch,https://allevents.in/san-francisco/light-at-the-end-of-the-tunnel/100001984655826001
2026-04-16,9:00 PM,The Potluck: Live R&B Night w/ The Top Chefs,SWIG,https://allevents.in/san-francisco/the-potluck-live-randb-night-w-the-top-chefs/100001985881622391
2026-04-16,9:00 PM,WeWorkHere,Madrone Art Bar,https://madroneartbar.com/event/weworkhere-17-2026-04-16/2026-04-16/
2026-04-16,10:00 PM,ARI LENNOX at THE BUDDA NIGHTCLUB!,The Budda Nightclub,https://allevents.in/san-francisco/ari-lennox-at-the-budda-nightclub/100001986755229373
2026-04-16,7:30 PM,Ebene Quartet,Herbst Theatre,https://san-francisco.events/event/ebene-quartet-san-francisco-thursday-april-16-2026-730-pm/
2026-04-16,8:00 PM,Kole - Singer,Cafe Du Nord,https://san-francisco.events/event/kole-singer-san-francisco-thursday-april-16-2026-800-pm/
2026-04-16,8:00 PM,SFBATCO: The Lin-Manuel Effect,Feinstein's at the Nikko,https://san-francisco.events/event/sfbatco-the-lin-manuel-effect-san-francisco-thursday-april-16-2026-800-pm/
2026-04-17,10:00 AM,The Disco Biscuits,1015 Folsom,https://allevents.in/san-francisco/the-disco-biscuits/3200029786324307
2026-04-17,4:00 PM,Grateful Shred,The Fillmore,https://allevents.in/san-francisco/grateful-shred/2300029654919456
2026-04-17,5:00 PM,Artists Live Here: Community Convening,SOMArts Cultural Center,https://allevents.in/san-francisco/artists-live-here-community-convening/100001986939803439
2026-04-17,5:00 PM,Fort Mason Night Market 2026,Fort Mason Center for Arts & Culture,https://fortmason.org/event/fort-mason-night-market-2026/2026-04-17/
2026-04-17,6:00 PM,MATHEW MCGRATH ART OPENING,Madrone Art Bar,https://madroneartbar.com/calendar/2026-04-17/
2026-04-17,6:00 PM,Member Night — Reimagined: The Fisher Collection at 10,SFMOMA,https://www.sfmoma.org/event/member-night-reimagined-the-fisher-collection-at-10/
2026-04-17,6:00 PM,Wreckless Strangers – CAF Celebration of Heart Gala,Pier 27,https://allevents.in/san-francisco/wreckless-strangers-caf-celebration-of-heart-gala/80002723225151
2026-04-17,6:30 PM,Flamenco Show for Lolas Spanish Cuisine opening,SPARK Social SF,https://allevents.in/san-francisco/flamenco-show-for-lolas-spanish-cuisine-opening/100001986686946136
2026-04-17,7:30 PM,Free Multimedia Concert: Women Crossing/Liminality,SF Conservatory of Music Bowes Center,https://sf.funcheap.com/free-multimedia-concert-women-crossingliminality-sf/
2026-04-17,7:30 PM,Skylighght + Thingamajigs Performance Group,The Lab,https://thelab.org/projects/2026/4/17/skylighght-thingamajigs-performance-group
2026-04-17,8:00 PM,Bellaire,August Hall,https://www.augusthallsf.com/tm-event/bellaire/
2026-04-17,8:00 PM,Hasan Raheem,The Independent,https://allevents.in/san-francisco/hasan-raheem-at-the-independent/2400029767382016
2026-04-17,8:00 PM,Kaskade,Pier 48 - Shed A,https://allevents.in/san-francisco/kaskade-at-pier-48-shed-a/2400029904589939
2026-04-17,8:00 PM,The Weight of Thread,Dance Mission Theater,https://allevents.in/san-francisco/the-weight-of-thread/200029734150507
2026-04-17,8:30 PM,Jae Stephens — The SELLOUT Tour,Brick and Mortar Music Hall,https://allevents.in/san-francisco/jae-stephens-—-the-sellout-tour/210003270719571
2026-04-17,9:00 PM,Jae Stephens — The SELLOUT Tour,Brick and Mortar Music Hall,https://allevents.in/san-francisco/jae-stephens-—-the-sellout-tour/210003270719571
2026-04-17,9:00 PM,Jake Shore at The Midway,The Midway - San Francisco,https://allevents.in/san-francisco/jake-shore-at-the-midway-san-francisco/2400029675462957
2026-04-17,9:00 PM,Throwing Muses Concert Tour,The Chapel,https://www.mercurynews.com/2026/01/16/throwing-muses-kristin-hersh-tickets-concert-tour-san-francisco/
2026-04-17,9:00 PM,TRADE x Will Vitagliano x Jason Godfrey,"Powerhouse, SF",https://allevents.in/san-francisco/trade-x-will-vitagliano-x-jason-godfrey/200029933134023
2026-04-17,9:00 PM,Tuesday Gloom's OTHERWORLDS - A Mystical Drag Show,Eclectic Box SF,https://allevents.in/san-francisco/tuesday-glooms-otherworlds-a-mystical-drag-show/100001985185379911
2026-04-17,9:00 PM,WILD CARD,Madrone Art Bar,https://madroneartbar.com/event/wild-card-2026-04-17/2026-04-17/
2026-04-17,10:00 PM,Latino Fridays at The Grand Nightclub,The Grand Nightclub,https://allevents.in/san-francisco/latino-fridays-at-the-grand-nightclub-41726/100001985847825303
2026-04-17,10:00 PM,MIGUEL BASTIDA,Halcyon SF,https://allevents.in/san-francisco/miguel-bastida/200029893253338
2026-04-17,10:00 PM,Perreo takeover,The Valencia Room,https://allevents.in/san-francisco/perreo-takeover/100001986873893300
2026-04-17,8:00 PM,"Murder, Oops!",Church of Clown,https://allevents.in/san-francisco/murder-oops/200029808795514
2026-04-17,8:00 PM,Slut Puppy,Lone Star Saloon,https://www.lonestarsf.com/new-events-1/2026/4/17/slut-puppy
2026-04-18,9:30 AM,Earth Day Celebration Hike!,Lover's Lane- Presidio Blvd and Pacific Ave,https://allevents.in/san-francisco/earth-day-celebration-hike/100001986134542883
2026-04-18,10:00 AM,Creativity Festival 2026,Children's Creativity Museum,https://allevents.in/san-francisco/creativity-festival-2026/100001983997831923
2026-04-18,10:00 AM,Saturday Groove Yoga & Dance,Baker Beach,https://allevents.in/san-francisco/saturday-groove-yoga-and-dance/100001984382101283
2026-04-18,11:00 AM,"Anna Voloshyna, BUDMO! (Cookbook Week Preview)","Foodwise Classroom, Ferry Plaza",https://foodwise.org/events/anna-voloshyna-budmo/
2026-04-18,11:00 AM,World Naked Bike Ride Through SF for Earth Day 2026,Rincon Park,https://sf.funcheap.com/sf-world-naked-bike-ride-earth-day/
2026-04-18,12:00 PM,2026 Earth Day Festival & Green Business Expo,Yerba Buena Gardens,https://www.eventbrite.com/e/2026-earth-day-festival-green-business-expo-tickets-1981250944910
2026-04-18,12:00 PM,San Francisco Circus Festival!,Club Fugazi,https://allevents.in/san-francisco/san-francisco-circus-festival/200029916498540
2026-04-18,1:00 PM,New Queer Cinema x Trans New Weird: Who Owns Our Image?,Yerba Buena Center for the Arts,https://ybca.org/event/new-queer-cinema-x-trans-new-weird-who-owns-our-image/
2026-04-18,2:00 PM,2026 San Francisco Boba Festival (Ocean Avenue),Ocean Avenue Association,https://sf.funcheap.com/san-francisco-boba-festival-ocean-avenue/
2026-04-18,2:00 PM,Country On The Bay,Gold Bar Whiskey Distillery Tasting Room,https://allevents.in/san-francisco/country-on-the-bay-san-franciscos-waterfront-country-festival/100001986656916316
2026-04-18,2:00 PM,Girls of the Internet,620 Jones St,https://allevents.in/san-francisco/girls-of-the-internet/200029893328417
2026-04-18,3:00 PM,3rd Saturday Poetry in Chinatown,Clarion Performing Arts Center,https://allevents.in/san-francisco/3rd-saturday-poetry-in-chinatown/100001984162578685
2026-04-18,3:00 PM,Bonfire beach day,Ocean Beach,https://allevents.in/san-francisco/bonfire-beach-day/100001985885076723
2026-04-18,4:00 PM,Instant Alter,SFJazz Center - Joe Henderson Lab,https://allevents.in/san-francisco/instant-alter/2300029913654754
2026-04-18,5:00 PM,Saturday Pool Tournament,The Lone Star Saloon,https://gay.dothebay.com/events/2026/4/18/saturday-pool-tournament-tickets
2026-04-18,6:00 PM,Tantra Speed Date® - San Francisco!,Yoga Studio,https://allevents.in/san-francisco/tantra-speed-date-san-francisco-meet-singles-speed-dating/100001981269836415
2026-04-18,6:30 PM,Jim Washington – Jazz Piano,Madrone Art Bar,https://madroneartbar.com/event/jim-washington-6-2025-12-20/2026-04-18/
2026-04-18,7:00 PM,Homecoming: Pick Your Clique,Neck of the Woods,https://www.ticketweb.com/event/homecoming-pick-your-clique-neck-of-the-woods-tickets/14787333
2026-04-18,7:00 PM,LOCK & KEY - A Chastity Social,The STUD,https://allevents.in/san-francisco/lock-and-key-a-chastity-social/200029933134635
2026-04-18,7:00 PM,"Mayday Mae!, Jaded Justice, Scorpio Moon",Neck of the Woods,https://www.ticketweb.com/event/mayday-mae-jaded-justice-scorpio-neck-of-the-woods-tickets/14807733
2026-04-18,7:00 PM,"Old New Outfit, Burn Journal + Box Cutter",The Faight Collective,https://allevents.in/san-francisco/old-new-outfit-burn-journal-box-cutter-help-send-a-student-to-berklee/100001986700793554
2026-04-18,7:30 PM,Minnie Bells 2nd Anniversary x LaffOff Comedy Show Collab,Minnie Bell's Soul Movement,https://allevents.in/san-francisco/minnie-bells-2nd-aniversay-x-laffoff-comedy-show-collab/100001985417327673
2026-04-18,8:00 PM,The Emo Night Tour,The Independent,https://apeconcerts.com/events/the-emo-night-tour-260418/
2026-04-18,9:00 PM,Emma Grede - Start With Yourself Book Tour,August Hall,https://www.augusthallsf.com/tm-event/emma-grede-start-with-yourself-tour/
2026-04-18,9:00 PM,In Conversation with Emma Grede at August Hall,August Hall,https://allevents.in/san-francisco/in-conversation-with-emma-grede-at-august-hall/2400029675226745
2026-04-18,9:00 PM,Maya Hawke,The Chapel,https://allevents.in/san-francisco/maya-hawke-at-the-chapel/2400029798443850
2026-04-18,9:00 PM,FRINGE: THE INDIE ROCK DANCE PARTY,Madrone Art Bar,https://madroneartbar.com/calendar/2026-04-18/
2026-04-18,9:00 PM,"Prospa, Josh Baker, Rossi., Chloé Caillet in San Francisco",TBA,https://allevents.in/san-francisco/prospa-josh-baker-rossi-chloé-caillet-in-san-francisco/3300029701579304
2026-04-18,10:00 PM,PERREO Y MAS! 4.25,The Valencia Room,https://allevents.in/san-francisco/perreo-y-mas-425/100001986555875099
2026-04-18,6:00 PM,Josh Baker at Pier 48 - Shed A,Pier 48 - Shed A,https://allevents.in/san-francisco/josh-baker-at-pier-48-shed-a/2400029904431527
2026-04-18,4:00 PM,Niko Rubio,Cafe Du Nord,https://allevents.in/san-francisco/niko-rubio/2300029865308949
2026-04-18,7:00 PM,Vandelux,The Castro,https://gay.dothebay.com/events/2026/4/18/vandelux-tickets
2026-04-19,12:00 PM,Crucial Reggae Sundays Earth Day Takeover,Golden Gate Bandshell,https://illuminate.org/event/crucial-reggae-sundays-earth-day-takeover-april-19/
2026-04-19,12:00 PM,Life Giver: Nurture like Fire,Dance Mission Theater,https://allevents.in/san-francisco/life-giver-nurture-like-fire/100001986097336598
2026-04-19,1:00 PM,SF Cherry Blossom Festival 2026 (Grand Parade),Japantown Peace Plaza,https://sf.funcheap.com/sf-cherry-blossom-festival-2026-april-11-12-19-20/
2026-04-19,1:00 PM,Greek Independence Day Parade & Celebration Union Square SF,Union Square San Francisco,https://allevents.in/san-francisco/greek-independence-day-parade-and-celebration-union-square-sf/200029913513448
2026-04-19,2:00 PM,Climate Wayfinding with Dr. Katharine Wilkinson & Poet Jane Hirshfield,Manny's,https://allevents.in/san-francisco/climate-wayfinding-with-dr-katharine-wilkinson-and-poet-jane-hirshfield/100001985591947967
2026-04-19,3:00 PM,My First Words in Nahuat,Bird & Beckett Books & Records,
2026-04-19,4:00 PM,Cattle Decapitation,The Regency Ballroom,https://allevents.in/san-francisco/cattle-decapitation/2300029683559258
2026-04-19,5:30 PM,Sunday Paper,Biscuits & Blues,https://allevents.in/san-francisco/sunday-paper/100001984199685673
2026-04-19,6:00 PM,CMAT,The Castro,https://gay.dothebay.com/events/2026/4/19/cmat-tickets
2026-04-19,7:00 PM,Chelcie Lynn: Trailer Trash Tammy The Loose Lips Tour,Palace of Fine Arts,https://allevents.in/san-francisco/chelcie-lynn-trailer-trash-tammy-the-loose-lips-tour/210001422387184
2026-04-19,7:00 PM,Food House/ Jedwill,Neck of the Woods,https://www.ticketweb.com/event/food-house-jedwill-neck-of-the-woods-tickets/14737213
2026-04-19,7:30 PM,JANE HANDCOCK,The Independent,https://apeconcerts.com/events/jane-handcock-260419
2026-04-19,7:30 PM,Joshua Bell Violin Recital Live,Davies Symphony Hall,https://sf.funcheap.com/sale-ends-today-joshua-bell-violin-recital-live-sf/
2026-04-19,8:00 PM,JANE HANDCOCK,The Independent,https://apeconcerts.com/events/jane-handcock-260419/
2026-04-19,8:00 PM,Poranguí in San Francisco,The Midway,https://allevents.in/san-francisco/poranguí-in-san-francisco/3300029712462503
2026-04-19,9:00 PM,SUNDAY B3 SESSIONS,Madrone Art Bar,https://madroneartbar.com/event/spikes-open-mic-sunday-b3-sessions-2025-11-23/2026-04-19/
2026-04-19,4:00 PM,Bearrison St Beer Fair Beer Bust,Lone Star Saloon,https://www.lonestarsf.com/new-events-1/2026/4/19/bearrison-st-beer-fair-beer-bust
2026-04-19,Check Schedule,Bicycle Day at The Midway,The Midway - San Francisco,https://allevents.in/san-francisco/bicycle-day-at-the-midway-san-francisco/2400027910547121
2026-04-20,2:00 PM,"420 ""Smokers Dream"" Festival at Midway SF",The Midway,https://sf.funcheap.com/city-guide/420-bay-event-guide/
2026-04-20,4:00 PM,Noah Guy,Cafe Du Nord,https://allevents.in/san-francisco/noah-guy/2300029784948429
2026-04-20,4:00 PM,Wood Wide 4X4Z @ BASA on Divisadero,BASA SF Cannabis Dispensary,https://allevents.in/san-francisco/wood-wide-4x4z-basa-on-divisadero/100001986871515187
2026-04-20,6:00 PM,Fantastic Planet,The Castro,https://gay.dothebay.com/events/2026/4/20/fantastic-planet-tickets
2026-04-20,6:30 PM,Yom Hazikaron Ceremony 2026,Jewish Community Center of San Francisco,https://www.eventbrite.com/e/yom-hazikaron-ceremony-2026-community-events-bay-area-2026-tickets-1985878498046
2026-04-20,7:00 PM,Motown on Mondays,Madrone Art Bar,https://madroneartbar.com/event/motown-on-mondays-79-2025-12-01/2026-04-20/
2026-04-20,7:00 PM,9th Ave: Mats Söderlund with Forrest Gander,Books on the Park,https://greenapplebooks.com/event/2026-04-20/9th-ave-mats-soderlund-forrest-gander
2026-04-20,8:00 PM,Isaia Huron - Mister Lovebomb's Tiny Little Tour,Cafe Du Nord,https://allevents.in/san-francisco/isaia-huron-mister-lovebomb's-tiny-little-tour/210003568404416
2026-04-20,Check Schedule,Smokers Dream Festival! Day Party & Concert ft. Berner,The Midway,https://www.eventbrite.com/e/smokers-dream-festival-day-party-concert-ft-berner-midway-sf-tickets-1983562891003
2026-04-21,2:00 PM,California Fever Dream - Judy Juanita,SFSU School of Ethnic Studies,https://indybay.org/newsitems/2026/03/25/18885173.php
2026-04-21,4:00 PM,JayDon,Cafe Du Nord,https://allevents.in/san-francisco/jaydon/2300029698551101
2026-04-21,4:00 PM,Mirah,Swedish American Hall,https://allevents.in/san-francisco/mirah/2300029809130920
2026-04-21,6:00 PM,Crafting Culinary Excellence: A Conversation with a Le Cordon Bleu Chef,Alliance Française de San Francisco,https://allevents.in/san-francisco/crafting-culinary-excellence-a-conversation-with-a-le-cordon-bleu-chef/100001984834657892
2026-04-21,6:30 PM,MINI MARATHON: LIVE MODEL SKETCH,Madrone Art Bar,https://madroneartbar.com/event/livemodelsketch-2026-04-21/
2026-04-21,6:30 PM,Food Action Summit Pop-Up Guest Chef in tribute to Chef Charles Phan,690 Van Ness Ave,https://farminghope.org/events/
2026-04-21,7:00 PM,julie Fleshwater w/ Midrift,Shrine Social Club,https://theduckclub.com/show/julie-and-fleshwater/
2026-04-21,7:30 PM,Chris Thayer ,Punch Line Comedy Club,https://allevents.in/san-francisco/chris-thayer-at-punch-line-san-francisco/2400029851184926
2026-04-21,8:00 PM,Karri at Brick and Mortar Music Hall,Brick and Mortar Music Hall,https://allevents.in/san-francisco/karri-at-brick-and-mortar-music-hall/2400029768244920
2026-04-21,9:00 PM,Shift,F8 Nightclub & Bar,https://allevents.in/san-francisco/shift/200029916084651
2026-04-22,11:00 AM,SisterWeb Walks: Meet the Doulas,Ferry Building,https://allevents.in/san-francisco/sisterweb-walks-meet-the-doulas/100001986666311417
2026-04-22,6:00 PM,"Free movie screening + panel discussion: ""No Place to Grow Old""",Internet Archive,https://allevents.in/san-francisco/free-movie-screening-panel-discussion-no-place-to-grow-old/200029897859436
2026-04-22,6:30 PM,Sinners in 70MM,The Castro Theater,https://gay.dothebay.com/events/2026/4/22/sinners-in-70mm-tickets
2026-04-22,6:30 PM,Poolside Poets at Saint Joseph's Art Society,Saint Joseph's Arts Society,https://allevents.in/san-francisco/poolside-poets-at-saint-josephs-art-society/100001986372625996
2026-04-22,6:30 PM,Jr. De Ville,Biscuits & Blues,https://allevents.in/san-francisco/jr-de-ville/100001984931624923
2026-04-22,7:00 PM,Jenny Kerr,Madrone Art Bar,https://madroneartbar.com/event/jenny-kerr-14-2026-04-22/
2026-04-22,7:00 PM,GAYSIANS!,SF Eagle,https://gay.dothebay.com/events/2026/4/22/gaysians-tickets
2026-04-22,7:00 PM,Grace Notes: Poetry at Grace Cathedral,Grace Cathedral,https://allevents.in/san-francisco/grace-notes-poetry-at-grace-cathedral/100001983911327185
2026-04-22,7:00 PM,Melissa Auf der Maur / Even the Good Girls Will Cry,The Booksmith,https://app.gopassage.com/events/39553
2026-04-22,7:00 PM,Nick Rossi Swing Six – Live Swing Music & Lindy Hop,Cat's Corner,https://allevents.in/san-francisco/nick-rossi-swing-six-live-swing-music-and-lindy-hop/200029803574438
2026-04-22,7:15 PM,Poetry Night,Noe Valley Books,https://noevalleybooks.com/event/2026-04-22/poetry-night
2026-04-22,7:30 PM,Moonshine Bandits,August Hall,https://www.augusthallsf.com/tm-event/moonshine-bandits/
2026-04-22,8:00 PM,Masood Boomgaard ,Cobbs Comedy Club,https://allevents.in/san-francisco/masood-boomgaard-at-cobbs-comedy-club/2400029678184534
2026-04-22,8:00 PM,JayDon at Cafe Du Nord at Swedish American Hall,Cafe Du Nord at Swedish American Hall,https://allevents.in/san-francisco/jaydon-at-cafe-du-nord-at-swedish-american-hall/2400029726259130
2026-04-22,9:00 PM,Strut SF & F8 Present Sean Majors // Derek Hena,F8 Nightclub & Bar,https://allevents.in/san-francisco/strut-sf-and-f8-present-sean-majors-derek-hena/100001986689454639
2026-04-23,4:00 PM,Hug & Create: Craft Your Custom Pottery Together,SMAArt Studio - 24th St,https://allevents.in/san-francisco/hug-and-create-craft-your-custom-pottery-together-pottery-class-in-san-francisco--classpop/100001985880048684
2026-04-23,5:00 PM,Dim Sum N' Movie Night,Imperial Garden Restaurant,https://allevents.in/san-francisco/dim-sum-n-movie-night/100001987101512114
2026-04-23,5:00 PM,Family Health and Wellness Day,"Yoga and Sound Bath Trellis Coworking, Events, Cafe & Bar",https://allevents.in/san-francisco/family-health-and-wellness-day-
2026-04-23,5:00 PM,Unicorn Battle in San Francisco,875 Sansome St,https://allevents.in/san-francisco/unicorn-battle-in-san-francisco/100001985567572058
2026-04-23,6:00 PM,Aaron Hammerman,Madrone Art Bar,https://madroneartbar.com/event/the-deep-basement-shakers-2026-01-22-2026-03-26/2026-04-23/
2026-04-23,6:00 PM,Little Fuego,Madrone Art Bar,https://madroneartbar.com/event/little-fuego-3-2025-11-23-2026-04-26/
2026-04-23,7:00 PM,Naomi Watanabe,The Castro,https://apeconcerts.com/events/naomi-watanabe-260423/
2026-04-23,7:00 PM,Rodgers & Hammerstein's Flower Drum Song (Opening Night),Aratani Theatre,https://jaccc.org/events/flower-drum-song-2026/
2026-04-23,7:30 PM,An Evening at Brick & Mortar 🎶,Brick and Mortar Music Hall,https://allevents.in/san-francisco/an-evening-at-brick-and-mortar-san-francisco-ca/210003645571971
2026-04-23,7:30 PM,Noe Valley Spring Wine Walk 2026,Noe Valley Town Square,https://www.eventbrite.com/e/noe-valley-spring-wine-walk-2026-tickets-1983398512342
2026-04-23,8:00 PM,EVERGLOW WORLD TOUR [RE:CODE],The Regency Ballroom,https://allevents.in/san-francisco/everglow/200029808677852
2026-04-23,8:00 PM,READ MY LIPS: a Book Slut Drag Show (Cookbooks),The Booksmith,https://app.gopassage.com/events/39954
2026-04-23,9:00 PM,Nite Moves,Madrone Art Bar,https://madroneartbar.com/event/nite-moves-8-2026-04-23/2026-04-23/
2026-04-24,4:00 PM,AC Slater,Audio Nightclub,https://allevents.in/san-francisco/ac-slater/2300029882422623
2026-04-24,4:00 PM,MEDLIFE NIGHT MARKET,San Francisco State University,https://allevents.in/san-francisco/medlife-night-market/100001985673334396
2026-04-24,4:00 PM,WNBA Preseason: Golden State Valkyries vs. Seattle Storm,Chase Center,https://allevents.in/san-francisco/wnba-preseason-golden-state-valkyries-vs-seattle-storm/2300029712819013
2026-04-24,5:00 PM,Bollywood Nights with Rang De Bollywood,Union Square,https://allevents.in/san-francisco/bollywood-nights-with-rang-de-bollywood--april-24/100001984840654829
2026-04-24,5:00 PM,Headnotes Live,Presidio Theatre,https://cookbookweek.com/events/headnotes-live/
2026-04-24,5:00 PM,Fort Mason Night Market 2026,Fort Mason Center for Arts & Culture,https://fortmason.org/event/fort-mason-night-market-2026/
2026-04-24,5:30 PM,Fourth Friday Salons at PFF,Pacific Felt Factory,https://allevents.in/san-francisco/fourth-friday-salons-at-pff/200029871178355
2026-04-24,5:30 PM,Lesbian Power,Yerba Buena Center for the Arts,https://ybca.org/event/lesbian-power/
2026-04-24,6:00 PM,Bay Area Dance Week KickOff with Rhythm & Motion,736 Mission St,https://allevents.in/san-francisco/bay-area-dance-week-kickoff-with-rhythm-and-motion/100001986167207584
2026-04-24,6:00 PM,COUP 53,Big Roxie,https://roxie.com/film/coup-53/
2026-04-24,6:00 PM,"Party, Then Pillow",The Great Northern,https://allevents.in/san-francisco/party-then-pillow-leave-work-grab-your-crew-and-hit-the-dance-floor/100001986948374074
2026-04-24,6:30 PM,Tia Carroll,Biscuits & Blues,https://allevents.in/san-francisco/tia-carroll/100001982939377056
2026-04-24,7:00 PM,69th San Francisco International Film Festival,The Castro,https://gay.dothebay.com/events/2026/4/24/69th-san-francisco-international-film-festival-tickets
2026-04-24,7:00 PM,Headnotes Live,Presidio Theatre,https://www.presidiotheatre.org/show-details/headnotes-live
2026-04-24,7:30 PM,Phoneboy with Heart Attack Man,The Independent,https://apeconcerts.com/events/phoneboy-260424/
2026-04-24,7:30 PM,Teen Poetry Slam Finals,Youth Speaks Brava Theater,https://www.eventbrite.com/e/teen-poetry-slam-finals-youth-speaks-tickets-1977321506855
2026-04-24,8:00 PM,Karen Mason,Feinstein's at The Nikko,https://allevents.in/san-francisco/karen-mason/210003753335894
2026-04-24,8:00 PM,Katherine Blanford ,Punch Line Comedy Club,https://allevents.in/san-francisco/katherine-blanford-at-punch-line-san-francisco/2400027672551855
2026-04-24,8:00 PM,GUSH Dance Festival 2026,401 Alabama Street,https://allevents.in/san-francisco/gush-dance-festival-2026/200029728261923
2026-04-24,8:00 PM,Suver/ Malaphor/ Jung Mudra,Neck of the Woods,https://www.ticketweb.com/event/suver-malaphor-jung-mudra-neck-of-the-woods-tickets/14780793
2026-04-24,9:00 PM,The Café Presents Electric Playground Fridays w/ DJ ADAMUSIC,The Café,https://allevents.in/san-francisco/the-café-presents-electric-playground-fridays-w-dj-adamusic-424-9pm-2am/100001986489322037
2026-04-24,9:30 PM,Distant Matter,Monarch,https://apeconcerts.com/events/distant-matter-260424
2026-04-24,9:30 PM,I HEART THE 90s,Madrone Art Bar,https://madroneartbar.com/calendar/2026-04-24/
2026-04-24,10:00 PM,GATA FIERA,Latin Rhythm Experience @ DecoDance DecoDance Bar,https://allevents.in/san-francisco/gata-fiera-
2026-04-24,10:00 PM,Latino Fridays at The Grand Nightclub,The Grand Nightclub,https://allevents.in/san-francisco/latino-fridays-at-the-grand-nightclub-42426/100001985848510352
2026-04-25,11:00 AM,DogFest,Duboce Park,https://dogfest.webflow.io/
2026-04-25,11:00 AM,"SF's DogFest 2026: Pet Festival, Carnival & Parade",Duboce Park,https://sf.funcheap.com/dogfest-pet-parade-carnival-duboce-park/
2026-04-25,11:00 AM,BLACK CUISINE ~ 46th Annual,1753 Carroll Avenue,https://allevents.in/san-francisco/black-cuisine-~-46th-annual/100001984502202509
2026-04-25,11:00 AM,In Her Honor: A Signature Mother's Day Market,School of the Epiphany,https://allevents.in/san-francisco/in-her-honor-a-signature-mothers-day-market/100001986849888501
2026-04-25,11:00 AM,Mixer & Brunch with Hikers & Outdoor Enthusiasts,Alamo Square Park,https://allevents.in/san-francisco/mixer-and-brunch-with-hikers-and-outdoor-enthusiasts/100001987059548600
2026-04-25,11:00 AM,Spring Celebration,Ferry Plaza Farmers Market,https://foodwise.org/events/spring-celebration/
2026-04-25,12:00 PM,"Dutch ""King's Day"" Windmill Festival in Golden Gate Park",Murphy Windmill,https://sf.funcheap.com/2026-dutch-kings-day-windmill-festival-in-golden-gate-park-sf/
2026-04-25,12:00 PM,OSN Potluck Picnic,4414 Lincoln Wy,https://allevents.in/san-francisco/osn-potluck-picnic/100001986169711072
2026-04-25,12:00 PM,Pickin on the Polk Food and Craft Marketplace at Cheese Plus,Cheese Plus,https://allevents.in/san-francisco/pickin-on-the-polk-food-and-craft-marketplace-at-cheese-plus/100001986654049742
2026-04-25,12:00 PM,Presidio Chapel Concert Series - Celeste Stella Trio,Presidio Chapel,https://allevents.in/san-francisco/presidio-chapel-concert-series-celeste-stella-trio/100001986101732747
2026-04-25,12:30 PM,Brains On! LIVE: Your Brain is Magic!,Marines' Memorial Theatre,https://apeconcerts.com/events/brains-on-260425-early
2026-04-25,1:00 PM,CARAVAN - DAY PARTY,Avotoasty,https://allevents.in/san-francisco/caravan-day-party/100001986274700097
2026-04-25,1:00 PM,Tulum Coffee Club - Day Party @ Rockwell,Rockwell,https://allevents.in/san-francisco/tulum-coffee-club-day-party-rockwell-marina-district-san-francisco/100001986900750631
2026-04-25,2:00 PM,Fort Mason Historic District Walking Tour,Fort Mason Center for Arts & Culture,https://fortmason.org/event/fort-mason-historic-district-walking-tour/2026-04-25/
2026-04-25,2:00 PM,Mah Jong Social,3139A Geary Blvd,https://allevents.in/san-francisco/mah-jong-social/100001986110268277
2026-04-25,2:00 PM,Performance: Raffi Garabedian + Armenian Film,Golden Gate Valley Meeting Room,https://sfpl.org/events/2026/04/25/performance-raffi-garabedian-armenian-film
2026-04-25,6:00 PM,Garage O'Clock Rock,Madrone Art Bar,https://madroneartbar.com/calendar/2026-04-25/
2026-04-25,6:00 PM,HARDLY STRICTLY IRISH In Concert at The Gregangelo Museum,Gregangelo Museum,https://allevents.in/san-francisco/hardly-strictly-irish-in-concert-at-the-gregangelo-museum-~-up-close-and-soul/100001984506121230
2026-04-25,7:00 PM,A Year Ago Today/ Baori/ As My Ashes Blur The Sky/ State Of Reliance/ First Ordeal,Neck of the Woods,https://www.ticketweb.com/event/a-year-ago-today-baori-neck-of-the-woods-tickets/14807823
2026-04-25,7:00 PM,Alice Phoebe Lou,The Castro,https://gay.dothebay.com/events/2026/4/25/alice-phoebe-lou-john-andrews-the-yawns-tickets
2026-04-25,7:00 PM,LatinFestSF,Cafe Du Nord,https://allevents.in/san-francisco/latinfestsf/210001429334893
2026-04-25,7:00 PM,Melancholy Baby ALBUM RELEASE SHOW!,4 Star Theatre,https://allevents.in/san-francisco/melancholy-baby-album-release-show/200029841977740
2026-04-25,7:30 PM,Said The Sky,Bill Graham Civic Auditorium,https://www.sanfranciscoauditorium.com/events/said-the-sky/
2026-04-25,7:30 PM,You Should Be Dancing - A Tribute to the Bee Gees,August Hall,https://www.augusthallsf.com/tm-event/you-should-be-dancing-a-tribute-to-the-bee-gees/
2026-04-25,8:00 PM,"Croonin', Swingin' & Social Dancin' Night At The Top Of The Mark",Top of the Mark,https://allevents.in/san-francisco/croonin-swingin-and-social-dancin-night-at-the-top-of-the-mark/200029878245407
2026-04-25,9:00 PM,Somna [Album Release Party],The Midway SF,https://allevents.in/san-francisco/somna-album-release-party-the-midway-sf/200029854905821
2026-04-25,9:00 PM,EMO NITE at Rickshaw Stop,Rickshaw Stop,https://allevents.in/san-francisco/emo-nite-at-rickshaw-stop-21-event/210002693328879
2026-04-25,10:00 PM,"""ONE NIGHT IN COLOMBIA"" TWO DANCE FLOORS",The EndUp,https://allevents.in/san-francisco/one-night-in-colombia-two-dance-floors--san-francisco/100001986755123055
2026-04-25,12:00 PM,Personal Color Analysis at Branch,Branch Furniture,https://allevents.in/san-francisco/personal-color-analysis-at-branch/100001987015357423
2026-04-25,10:30 AM,Shiva Ahmadi: Crown Of Flames,Fort Mason Center for Arts & Culture,https://fortmason.org/event/shiva-ahmadi-crown-of-flames/2026-04-25/
2026-04-26,10:00 AM,Family Studio: Lines That Move,"Koret Education Center, SFMOMA",https://www.sfmoma.org/event/family-studio-lines-that-move/
2026-04-26,11:00 AM,Earth Week at SCRAP: Korean Bojagi with Judy Kim,SCRAP,https://allevents.in/san-francisco/earth-week-at-scrap-korean-bojagi-with-judy-kim/100001986046686101
2026-04-26,11:00 AM,"Japanese Women in Fermentation: Sake, Wine & Beer Tasting + Live Taiko",Sequoia Sake Company,https://allevents.in/san-francisco/japanese-women-in-fermentation-sake-wine-and-beer-tasting-live-taiko/100001984583450524
2026-04-26,2:00 PM,Jessica Kirson,The Castro,https://apeconcerts.com/events/jessica-kirson-260426-early/
2026-04-26,2:00 PM,San Francisco Ballet presents Mere Mortals,War Memorial Opera House,https://allevents.in/san-francisco/san-francisco-ballet-presents-mere-mortals/210001490858895
2026-04-26,4:00 PM,Jessica Kirson,The Castro,https://apeconcerts.com/events/jessica-kirson-260426-early
2026-04-26,4:00 PM,Mr Lone Star Beer Bust,The Lone Star Saloon,https://gay.dothebay.com/events/2026/4/26/mr-lone-star-beer-bust-tickets
2026-04-26,5:00 PM,SPIKE'S OPEN MIC,Madrone Art Bar,https://madroneartbar.com/event/spikes-open-mic-6-2025-11-23/2026-04-26/
2026-04-26,5:30 PM,Gunhild Carling,Biscuits & Blues,https://allevents.in/san-francisco/gunhild-carling/100001983922249855
2026-04-26,7:00 PM,A Fabulous Animal: A Staged Reading by Word for Word,Z Space,https://www.milibrary.org/events/31507
2026-04-26,7:00 PM,Powerman 5000!,DNA Lounge,https://allevents.in/san-francisco/powerman-5000/200029878734951
2026-04-26,7:00 PM,Tides & Tunes Sessions: April 2026,The Riptide,https://allevents.in/san-francisco/the-tides-and-tunes-sessions-april-2026/200029810674553
2026-04-26,7:30 PM,VNV Nation - An Evening With,August Hall,https://www.augusthallsf.com/tm-event/vnv-nation-an-evening-with/
2026-04-26,9:00 PM,SUNDAY B3 SESSIONS,Madrone Art Bar,https://madroneartbar.com/event/spikes-open-mic-sunday-b3-sessions-2025-11-23/2026-04-26/
2026-04-26,7:00 PM,Benji Brown,Cobb's Comedy Club,https://allevents.in/san-francisco/benji-brown/3200029707662148
2026-04-26,2:00 PM,Sunday Funday at The Midway,The Midway - San Francisco,https://allevents.in/san-francisco/sunday-funday-at-the-midway-san-francisco/2400029828774145
2026-04-27,4:00 PM,Spiritworld,Neck of the Woods,https://allevents.in/san-francisco/spiritworld/2300029787755045
2026-04-27,7:00 PM,A Fabulous Animal: A Staged Reading by Word for Word,Z Space,https://www.milibrary.org/events/31507
2026-04-27,7:00 PM,Dance Magazine's 25 to Watch Live: ODC/Dance Performance,ODC Dance Commons,https://odc.dance/calendar/2026-04-27
2026-04-27,8:00 PM,Pub Choir,The Regency Ballroom,https://allevents.in/san-francisco/pub-choir/210002768505331
2026-04-28,4:00 PM,Dan Docimo,Cobb's Comedy Club,https://allevents.in/san-francisco/dan-docimo/2300029803417637
2026-04-28,6:00 PM,Spirit World/ Desmadre/ Doomsday/ Forced To Suffer,Neck of the Woods,https://www.ticketweb.com/event/spirit-world-desmadre-doomsday-forced-neck-of-the-woods-tickets/14188114
2026-04-28,6:30 PM,LIVE MODEL TUESDAY SKETCH,Madrone Art Bar,https://madroneartbar.com/event/livemodelsketch-2026-04-28/
2026-04-28,7:00 PM,Silent Reading Party @ The Booksmith,The Booksmith,https://app.gopassage.com/events/39953
2026-04-28,7:30 PM,Emily Nenni,The Independent,https://apeconcerts.com/events/emily-nenni-260428
2026-04-28,8:00 PM,Ambar Lucid & Maye - Entre Dos Mundos Tour,August Hall,https://www.augusthallsf.com/tm-event/ambar-lucid-maye-entre-dos-mundos-tour/
2026-04-28,8:00 PM,Brigitte Calls Me Baby,Cafe Du Nord at Swedish American Hall,https://allevents.in/san-francisco/brigitte-calls-me-baby-at-cafe-du-nord-at-swedish-american-hall/2400029671383106
2026-04-29,2:00 PM,Free Art Workshop: Portrait Cut-Out,Yerba Buena Center for the Arts,https://ybca.org/event/free-art-workshop-portrait-cut-out-4-29-26/
2026-04-29,6:00 PM,30th Anniversary - 4K Restoration The Celluloid Closet,The Castro,https://gay.dothebay.com/events/2026/4/29/the-celluloid-closet-with-special-guest-director-rob-epstein-30th-anniversary-4k-restoration-tickets
2026-04-29,6:00 PM,Lowkey Artist Talk - Alonzo King,Manny's,https://allevents.in/san-francisco/lowkey-artist-talk-alonzo-king/100001983816278893
2026-04-29,7:00 PM,Anna Dorn with Kate Folk / American Spirits,The Booksmith,https://app.gopassage.com/events/39609
2026-04-29,7:00 PM,CHAT ROOM: MONEY,Swedish American Hall,https://allevents.in/san-francisco/chat-room-money/210002616643895
2026-04-29,7:00 PM,SF International Arts Festival,Mission District,https://allevents.in/san-francisco/sf-international-arts-festival/200029869497626
2026-04-29,7:30 PM,Dan Docimo,Cobb's Comedy Club,https://allevents.in/san-francisco/dan-docimo/210002748892947
2026-04-29,7:30 PM,Dan Docimo at Cobbs Comedy Club,Cobbs Comedy Club,https://allevents.in/san-francisco/dan-docimo-at-cobbs-comedy-club/2400029793480139
2026-04-29,9:00 PM,Dumbo Gets Mad,Rickshaw Stop,https://allevents.in/san-francisco/dumbo-gets-mad/210001193796183
2026-04-29,9:30 PM,Local/Global,Madrone Art Bar,https://madroneartbar.com/calendar/2026-04-29/
2026-10-12,8:00 PM,MARO (rescheduled),Bimbo's 365 Club,https://apeconcerts.com/events/maro-261012/